<?xml version="1.0" ?>
<manifest identifier="KE8T5ju1ae-C-L-P9lWl3DpWvx5EZe7pNFUzFE70" version="1"
  xmlns="http://www.imsproject.org/xsd/imscp_rootv1p1p2"
  xmlns:adlcp="http://www.adlnet.org/xsd/adlcp_rootv1p2"
  xmlns:xsi="http://www.w3.org/2001/XMLSchema-instance"
  xsi:schemaLocation="http://www.imsproject.org/xsd/imscp_rootv1p1p2 imscp_rootv1p1p2.xsd
                      http://www.adlnet.org/xsd/adlcp_rootv1p2 adlcp_rootv1p2.xsd">
  <metadata>
    <schema>ADL SCORM</schema>
    <schemaversion>1.2</schemaversion>
    <adlcp:location>metadata.xml</adlcp:location> 
  </metadata>
  <organizations default="articulate_rise">
      <organization identifier="articulate_rise">
      <title>AI Fundamentals</title>
      <item identifier="i1" identifierref="r1" isvisible="true">
        <title>AI Fundamentals</title>
        <adlcp:datafromlms>eyJjcHYiOiJORlV6RkU3MCIsInJsZCI6ZmFsc2V9</adlcp:datafromlms>
      </item>
    </organization>
  </organizations>
  <resources>
    <resource identifier="r1" type="webcontent" adlcp:scormtype="sco" href="scormdriver/indexAPI.html">
      <!-- SCORMDRIVER STUFF -->
      <file href="scormdriver/indexAPI.html" />
      <file href="scormdriver/preloadIntegrity.js" />
      <file href="scormdriver/driverOptions.js" />
      <file href="scormdriver/AICCComm.html" />
      <file href="scormdriver/auto-scripts/AutoBookmark.js" />
      <file href="scormdriver/auto-scripts/AutoCompleteSCO.js" />
      <file href="scormdriver/auto-scripts/CourseExit.js" />
      <file href="scormdriver/blank.html" />
      <file href="scormdriver/goodbye.html" />
      <file href="scormdriver/scormdriver.js" />
      <file href="scormdriver/browsersniff.js" />

      <!-- RUNTIME COMMON STUFF -->
      <file href="scormcontent/index.html" />

      
        <file href="scormcontent/lib/fonts/icomoon.ttf"/>
        <file href="scormcontent/lib/fonts/icomoon.woff"/>

        <file href="scormcontent/lib/icomoon.css"/>
        <file href="scormcontent/lib/player-0.0.11.min.js"/>
        <file href="scormcontent/lib/lzwcompress.js"/>
      

      <!-- FRONTEND BUNDLE ASSETS -->
      <file href="scormcontent/lib/rise/8944ad2f.js" />
<file href="scormcontent/lib/rise/56803e6d.css" />
<file href="scormcontent/lib/rise/6bef5cc0.js" />
<file href="scormcontent/lib/rise/09f54479.css" />
<file href="scormcontent/lib/rise/b08a8745.js" />
<file href="scormcontent/lib/rise/b0c74692.js" />
<file href="scormcontent/lib/rise/8c0b49f4.js" />
<file href="scormcontent/lib/rise/d0fbbd1b.js" />
<file href="scormcontent/lib/rise/db85f2af.js" />
<file href="scormcontent/lib/rise/cddf90b2.js" />
<file href="scormcontent/lib/rise/cc545515.js" />
<file href="scormcontent/lib/rise/df30b989.js" />
<file href="scormcontent/lib/rise/30563ed1.js" />
<file href="scormcontent/lib/rise/466ab4a9.js" />
<file href="scormcontent/lib/rise/0bcec83e.js" />
<file href="scormcontent/lib/rise/7e615df9.js" />
<file href="scormcontent/lib/rise/3d69be23.js" />
<file href="scormcontent/lib/rise/7c2963ab.js" />
<file href="scormcontent/lib/learn_dist/entry.js" />
<file href="scormcontent/lib/learn_dist/5515a099.js" />
<file href="scormcontent/lib/learn_dist/e06aa5e6.css" />
<file href="scormcontent/lib/learn_dist/7acdcaff.js" />
<file href="scormcontent/lib/mondrian/entry.js" />
<file href="scormcontent/lib/mondrian/ad3a3b3a.js" />
<file href="scormcontent/lib/mondrian/1cc03b52.js" />
<file href="scormcontent/lib/mondrian/7f774308.js" />
<file href="scormcontent/lib/mondrian/09e37aee.js" />
<file href="scormcontent/lib/mondrian/196251cf.js" />
<file href="scormcontent/lib/sandbox/sandbox.html" />
<file href="scormcontent/lib/sandbox/c77685df.js" />
<file href="scormcontent/lib/sandbox/4adfab46.css" />


      <!-- RUNTIME CONTENT STUFF -->
      <file href="scormcontent/lib/fonts/Inter-Medium.woff" />
<file href="scormcontent/lib/fonts/Inter-Black.woff" />
<file href="scormcontent/lib/fonts/Inter-Bold.woff" />
<file href="scormcontent/lib/fonts/Inter-Regular.woff" />
<file href="scormcontent/lib/fonts/Inter-Light.woff" />
<file href="scormcontent/assets/KzeKOyXqF8Z-oBfd.png" />
<file href="scormcontent/assets/vg-LNxOtAfx8aY_U.png" />
<file href="scormcontent/assets/stock-image.jpg" />
<file href="scormcontent/assets/79AzwS/stock-image.jpg" />
<file href="scormcontent/assets/Uettbr/stock-image.jpg" />
<file href="scormcontent/assets/WhatIsAI_1a.jpg" />
<file href="scormcontent/assets/WhatisML1a.png" />
<file href="scormcontent/assets/WhatIsDeepLearning1a.jpg" />
<file href="scormcontent/assets/PredictiveAI_2025.png" />
<file href="scormcontent/assets/GoogleSearchBox.png" />
<file href="scormcontent/assets/Va3Gu4/stock-image.jpg" />
<file href="scormcontent/assets/TextMessagePredictiveTexting.png" />
<file href="scormcontent/assets/AmazonRecs1a.jpg" />
<file href="scormcontent/assets/netflix-movie-may-2024-1714581478969.jpg" />
<file href="scormcontent/assets/_nM_yG/stock-image.jpg" />
<file href="scormcontent/assets/UPSTruck.jpg" />
<file href="scormcontent/assets/MTPS-b/stock-image.jpg" />
<file href="scormcontent/assets/Bank%20vault.jpg" />
<file href="scormcontent/assets/nmmmtB/stock-image.jpg" />
<file href="scormcontent/assets/jdWXSw/stock-image.jpg" />
<file href="scormcontent/assets/GenerativeAI_2025.png" />
<file href="scormcontent/assets/GoogleAIOverview.jpg" />
<file href="scormcontent/assets/AmazonCustomerReviewSummary.jpg" />
<file href="scormcontent/assets/ChatGPT_logo.png" />
<file href="scormcontent/assets/KfrlT7/stock-image.jpg" />
<file href="scormcontent/assets/TheBalancingActOfUsingFoundationModels.jpg" />
<file href="scormcontent/assets/LEDbulb1.jpg" />
<file href="scormcontent/assets/ChatGPT_3_5.jpg" />
<file href="scormcontent/assets/ChatGPT_3_5b.jpg" />
<file href="scormcontent/assets/WhatIsInferencing.png" />
<file href="scormcontent/assets/ReqsOfEnterpriseAIProductionSystems1.jpg" />
<file href="scormcontent/assets/vLLM_Logo.png" />
<file href="scormcontent/assets/ValueOfVLLM.png" />
<file href="scormcontent/assets/ImageOptimization.jpg" />
<file href="scormcontent/assets/AI_Agents_Integrate.png" />
<file href="scormcontent/assets/AgenticAI_1.jpg" />
<file href="scormcontent/assets/AgenticAI_2.jpg" />
<file href="scormcontent/assets/AgenticAI_3.jpg" />
<file href="scormcontent/assets/By2029AgenticAI.jpg" />
<file href="scormcontent/assets/vE2HZM/mountains.jpg" />
<file href="scormcontent/assets/ModelContextProtocol.jpg" />
<file href="scormcontent/assets/S-oN69/stock-image.jpg" />
<file href="scormcontent/assets/4P7kBG/stock-image.jpg" />
<file href="scormcontent/assets/AI%20Fundamentals_%20Key%20Takeaways__.pdf" />
<file href="scormcontent/assets/AI%20Fundamentals%20Key%20Terms.pdf" />
<file href="scormcontent/assets/AI%20Timeline%20.pdf" />
<file href="scormcontent/assets/tAU59QO0XmNElM9o.png" />

    </resource>
  </resources>
</manifest>
